{"SFL": [72.32816314697266, 82.09498596191406], "MFL": [75.50508880615234, 16.20562744140625], "IFL": [40.02083206176758, -26.344430923461914], "M1": [3.729837656021118, 46.042381286621094], "S1": [-25.49184799194336, 48.14246368408203], "IPL": [-72.67755889892578, 11.076164245605469], "SPL": [-80.60398864746094, 84.68704986572266], "OB": [70.13162231445312, -76.93793487548828], "ParaC": [-7.580561637878418, 130.97702026367188], "PC": [-111.99417877197266, 120.68695068359375], "IN": [-10.331314086914062, -73.43878936767578], "MO": [-211.60916137695312, -27.295520782470703], "LO": [-146.3934783935547, 26.593111038208008], "FF": [-159.07638549804688, -69.54031372070312], "CG": [13.469365119934082, 104.67792510986328], "STL": [-66.1402359008789, -69.3287582397461], "MTL": [-99.47737121582031, -77.07073974609375], "ITL": [-121.22575378417969, -87.0381851196289]}