{
  "basis": [
    {
      "coordinate": [
        0.0,
        0.0,
        0.0
      ],
      "occupants": [
        "Zr"
      ]
    },
    {
      "coordinate": [
        0.6666666666666666,
        0.3333333333333333,
        0.5
      ],
      "occupants": [
        "Zr"
      ]
    },
    {
      "coordinate": [
        0.3333333333333333,
        0.6666666666666666,
        0.25
      ],
      "occupants": [
        "Va",
        "O"
      ]
    },
    {
      "coordinate": [
        0.3333333333333333,
        0.6666666666666666,
        0.75
      ],
      "occupants": [
        "Va",
        "O"
      ]
    }
  ],
  "coordinate_mode": "Fractional",
  "lattice_vectors": [
    [
      3.23398686,
      0.0,
      0.0
    ],
    [
      -1.61699343,
      2.80071477,
      0.0
    ],
    [
      0.0,
      0.0,
      5.16867834
    ]
  ],
  "title": "ZrO"
}