{"L_1+2+3": [21.69692611694336, 63.24749755859375], "L_10": [-130.50741577148438, 56.83844757080078], "L_11": [-171.3466796875, 49.71569061279297], "L_12+47": [-55.697792053222656, -51.58430480957031], "L_13": [-192.66160583496094, 77.03564453125], "L_14": [-155.88357543945312, 63.16227340698242], "L_2": [39.48295593261719, 62.516822814941406], "L_20": [131.31983947753906, -65.14988708496094], "L_21": [95.73811340332031, -75.54131317138672], "L_22": [71.54193878173828, -47.241241455078125], "L_23": [144.10089111328125, 170.85633850097656], "L_24": [-78.0015869140625, 146.67601013183594], "L_28+34": [148.4849395751953, -86.80181884765625], "L_31": [130.13223266601562, 152.56143188476562], "L_32": [-133.9769744873047, 101.76283264160156], "L_35+36": [151.4752960205078, -80.22026824951172], "L_37": [150.03431701660156, -19.708166122436523], "L_38": [73.52000427246094, -113.5102310180664], "L_39": [111.57207489013672, 52.1759033203125], "L_4": [3.6530401706695557, 77.21757507324219], "L_40": [54.355167388916016, 24.113910675048828], "L_41+42": [57.12485122680664, -27.723569869995117], "L_44": [-34.27799606323242, -15.204842567443848], "L_45": [-55.23258972167969, -21.790502548217773], "L_46": [-114.51956939697266, 35.275386810302734], "L_5": [70.71685791015625, 157.13999938964844], "L_6": [-22.053865432739258, 82.00057220458984], "L_7": [91.60745239257812, 115.93347930908203], "L_8": [-57.00606918334961, 87.31167602539062], "L_9": [-93.55767822265625, 93.2093276977539], "L_9+46": [-85.65151977539062, 35.45039367675781]}