{"Central sulcus": [[30.034765552883073, 122.34659117802738], [25.695327835313492, 110.78749964476737], [24.249975159612347, 99.2284081115074], [24.249975151108174, 87.66931657824745], [22.80462782001115, 76.11022504498743], [15.577891164593893, 67.44090639504248], [11.241849171343574, 58.77158774509746], [11.241849171343574, 48.657382653495006], [11.241849171343574, 37.09829112023499], [6.905807178093255, 25.53919958697503]], "Intra parietal sulcus": [[58.938311097096914, 58.77158774509746], [67.6103950835975, 61.66136062841247], [74.8371317390147, 70.33067927835742], [86.39991038768216, 77.55511148664493], [99.40803636743306, 83.33465725327494], [109.52546768501713, 84.77954369493244], [122.53359366476803, 84.77954369493244], [132.65102498235206, 81.88977081161744], [141.3231089688527, 77.55511148664493], [151.44054028643671, 77.55511148664493], [160.11262427293735, 78.99999792830243]], "Post central sulcus": [[63.27435309034723, 113.67727252808237], [63.27435309034723, 102.11818099482241], [61.829005759263794, 86.22443013658994], [58.938311097096914, 71.77556572001492], [51.711574441679716, 58.77158774509746], [45.930185117346014, 45.76760977018], [40.148795793012255, 32.763631795262484]], "Superior frontal sulcus": [[-131.84753660591645, 19.759653820345022], [-121.73010528833242, 24.09431314531753], [-114.50336863291525, 29.87385891194748], [-104.3859373153312, 35.65340467857749], [-94.26850599774716, 42.877836886865], [-84.1510746801631, 50.10226909515245], [-76.92433802474594, 55.88181486178246], [-68.25225403824533, 63.10624707006997], [-56.689475389577865, 70.33067927835742], [-48.01739140307723, 74.66533860332993], [-36.454612754409766, 78.99999792830243], [-26.337181436825745, 81.88977081161744], [-17.665097450325106, 81.88977081161744]], "Inferior frontal sulcus": [[-76.92433802474594, 2.421016520455055], [-66.80690670716189, 3.865902962112557], [-59.580170051744716, 6.755675845427561], [-50.908086065244106, 11.09033517040001], [-40.790654747660085, 15.424994495372516], [-32.11857076115945, 21.204540262002524]], "Superior temporal sulcus": [[106.63477302285025, 21.204540262002524], [103.74407836068337, 6.755675845427561], [99.40803636743306, -7.693188571147459], [93.62664704309935, -23.586939429379925], [89.29060504984903, -40.92557672926989], [84.95456305659872, -58.26421402915986], [83.50921572551528, -69.82330556241982], [84.95456305659872, -84.27216997899481], [89.29060504984903, -94.3863750705973]], "Middle temporal sulcus": [[121.0882463336846, -27.92159875435243], [118.19755167151772, -39.48069028761239], [115.30685700935084, -53.92955470418735], [108.0801203539337, -68.37841912076232], [106.63477302285025, -81.38239709567983], [106.63477302285025, -92.9414886289398]], "Precentral sulcus": [[-7.760153802672278, 104.15990418095521], [-12.102450409190794, 95.5153358056304], [-14.997314813539049, 88.31152882619307], [-13.549882611364922, 82.54848324264316], [-13.549882611364922, 75.34467626320583], [-13.549882611364922, 68.1408692837685], [-12.102450409190794, 62.37782370021864]], "Collateral sulcus": [[131.65108508928057, 35.32221061004935], [131.65108508968115, 28.11046499798664], [134.5390186194022, 20.898719385923982], [135.9829853842624, 13.686973773861325], [140.31488567884298, 9.359926406623629], [144.64678597342356, 5.032879039386103], [147.53471950314395, -3.6212156950891767], [148.97868626800414, -7.94826306232676], [148.97868626800414, -16.602357796801982], [147.53471950314395, -23.814103408864753], [144.64678597342356, -29.583499898514845], [144.64678597342356, -36.79524551057756], [143.20281920856337, -44.006991122640216], [141.75885244370318, -54.10343497952795], [137.4269521491226, -62.757529714003226], [131.65108508968177, -68.52692620365337], [127.3191847951012, -75.73867181571603]], "Parieto occipital sulcus": [[183.633888624191, 139.75897440080922], [176.4140548003479, 136.87427615598415], [174.97008803548766, 133.98957791115907], [169.1942209760469, 128.22018142150893], [169.1942209760469, 121.00843580944621], [172.08215450576728, 116.68138844220857], [172.08215450576728, 113.79669019738344], [173.52612127062747, 109.46964283014592], [177.8580215652081, 105.14259546290828], [182.18992185978868, 99.37319897325807], [182.18992185978868, 96.48850072843305], [183.63388862464888, 92.16145336119547], [183.63388862464888, 89.27675511637034], [183.63388862464888, 83.50735862672025], [183.63388862464888, 76.29561301465753], [183.63388862464888, 74.85326389224491], [180.7459550949285, 70.52621652500738], [180.7459550949285, 63.31447091294467], [174.97008803548766, 56.10272530088196], [170.63818774090709, 51.775677933644374], [164.86232068146631, 50.333328811231866], [160.53042038688574, 48.89097968881924], [154.7545533274449, 46.006281443994226], [150.42265303286433, 46.006281443994226]], "Cingulate sulcus": [[-18.38777111586677, 178.02568728563938], [-27.059855102367408, 172.25406466082086], [-34.28659175778455, 167.92534769220697], [-40.06798108211831, 162.15372506738845], [-45.84937040645207, 156.38210244256993], [-53.07610706186921, 152.05338547395604], [-60.30284371728641, 147.72466850534215], [-67.52958037270358, 143.39595153672826], [-77.64701169028763, 139.06723456811437], [-83.42840101462136, 134.73851759950048], [-92.10048500112197, 128.96689497468196], [-97.8818743254557, 124.63817800606807], [-105.1086109808729, 120.30946103745418], [-112.33534763629007, 114.53783841263567], [-118.1167369606238, 111.6520271002264], [-122.45277895387412, 108.76621578781715], [-128.23416827820785, 101.551687506794], [-134.01555760254158, 97.2229705381801], [-138.3515995957919, 90.00844225715696], [-141.24229425795875, 85.67972528854307], [-147.0236835822925, 77.02229135131529], [-155.69576756879312, 77.02229135131529], [-162.9225042242103, 78.46519700751992], [-173.0399355417943, 81.35100831992918]]}