{
  "sequential": {
    "total_requests": 50,
    "concurrency": 1,
    "duration_sec": 0.7453019618988037,
    "throughput_rps": 67.08690243161999,
    "success_rate": 1.0,
    "latency_p50": 0.013478875160217285,
    "latency_p95": 0.02432558536529541,
    "latency_p99": 0,
    "latency_max": 0.026402711868286133,
    "ledger_integrity": true
  },
  "concurrent": {
    "total_requests": 100,
    "concurrency": 10,
    "duration_sec": 0.8930416107177734,
    "throughput_rps": 111.976865131319,
    "success_rate": 1.0,
    "latency_p50": 0.08993959426879883,
    "latency_p95": 0.17393993139266967,
    "latency_p99": 0.1919547438621521,
    "latency_max": 0.19202876091003418,
    "ledger_integrity": false
  },
  "burst": {
    "total_requests": 200,
    "concurrency": 25,
    "duration_sec": 1.138719081878662,
    "throughput_rps": 175.63594321264856,
    "success_rate": 1.0,
    "latency_p50": 0.14409279823303223,
    "latency_p95": 0.22309120893478393,
    "latency_p99": 0.27339993953704833,
    "latency_max": 0.27727293968200684,
    "ledger_integrity": false
  },
  "timestamp": 1765802786.9361646
}
