time,current
0.1,0.9950041652780258
0.6,0.8253356149096783
1.1,0.4535961214255773
1.6,-0.029199522301288815
2.1,-0.5048461045998576
2.6,-0.8568887533689473
3.1,-0.9991351502732795
3.6,-0.896758416334147
4.1,-0.5748239465332692
4.6,-0.11215252693505487
