{"SFL": [-67.99055480957031, 103.248046875], "MFL": [-75.01461791992188, 40.06059265136719], "IFL": [-43.76887893676758, -14.917496681213379], "M1": [-2.8452908992767334, 54.77946090698242], "S1": [33.13761901855469, 64.23639678955078], "IPL": [82.67127990722656, 36.44013214111328], "SPL": [95.4699478149414, 101.1402587890625], "OB": [-59.64164733886719, -63.35185241699219], "ParaC": [13.115592956542969, 151.01185607910156], "PC": [124.65250396728516, 143.65614318847656], "IN": [6.330936908721924, -59.46221160888672], "MO": [207.4742431640625, -27.459096908569336], "LO": [165.1781005859375, 51.89127731323242], "FF": [158.08287048339844, -41.18326950073242], "CG": [-5.851381301879883, 123.90049743652344], "STL": [73.35032653808594, -52.468753814697266], "MTL": [105.19950866699219, -47.40479278564453], "ITL": [121.8589859008789, -49.27338790893555]}