{"1":0,"2":247.9338740595,"3":410.0775480852,"4":1322.3048788711,"5":1557.8034331092,"6":2189.3775739155,"wm":3077.3662871205}
